Question;Réponse 1;Réponse 2;Réponse 1.1 valeur;R 1.1;Réponse 2.1 valeur;R 2.1;Réponse 1.2 valeur;R 1.2;Réponse 2.2 valeur;R 2.2;ILLU GAUCHE;PRIO;ILLU DROITE;PRIO;Question (ENGLISH);Réponse 1 (ENGLISH);Réponse 2 (ENGLISH);;;
Tu préfères le jour ou la nuit;Jour;Nuit;capitaliste;10;capitaliste;-10;sansCategorie;0;sansCategorie;0;;;;;Are you more of a morning person or a night owl ;Morning person ;Night owl ;;mort;0
Devenir sourd ou devenir muet;Sourd;Muet;sansCategorie;0;sansCategorie;0;sansCategorie;0;sansCategorie;0;;;;;To be deaf or to be mute;Deaf;Mute;;rapportAuxAutres;15
Mourir aujourd'hui ou mourir demain;Aujourd'hui;Demain;sansCategorie;0;sansCategorie;0;sansCategorie;0;sansCategorie;0;;;;;To die today or to die tomorrow;Today;Tomorrow;;rapportASoi;14
Sauver un adulte ou un bébé;Adulte;Bébé;tradiProgres;-10;tradiProgres;10;sansCategorie;0;sansCategorie;0;;;;;Save an adult or save a baby;An adult;A baby;;natureHumaine;12
Se téléporter ou lire dans les pensées;Se téléporter;Lire dans les pensées;sansCategorie;0;rapportAuxAutres;-10;sansCategorie;0;sansCategorie;0;;;;;To have the ability to teleport or to read minds;To Teleport;To read minds ;;spiritualite;9
Les animaux rêvent quand ils dorment;Oui;Non;sansCategorie;0;cartesien;10;sansCategorie;0;sansCategorie;0;;;;;Animals dream when they sleep;Yes ;No;;ego;18
L'IA pourra penser pour de vrai;Oui;Non;cartesien;10;natureHumaine;10;sansCategorie;0;sansCategorie;0;;;;;AI will be able to truly think;Yes ;No;;tradiProgres;15
On possède une âme;Oui;Non;spiritualite;20;sansCategorie;0;sansCategorie;0;sansCategorie;0;;;;;Do we have a soul;Yes ;No;;art;10
Est-ce que tu me fais confiance;Oui;Non;cartesien;5;sansCategorie;0;sansCategorie;0;sansCategorie;0;SOLEIL;1;PILLS;1;Do you trust me;Yes ;No;;morale;15
Quel est le pire, remords ou regret;Remord;Regret;sansCategorie;0;sansCategorie;0;sansCategorie;0;sansCategorie;0;;;;;Which is worse, remorse or regret;Remorse;Regret;;education;11
Tu penses avoir réussi ta vie;Oui;Non;ego;10;capitaliste;5;spiritualite;10;sansCategorie;0;;;;;Do you think you've succeeded in life;Yes ;No ;;bonheur;14
Tu es productif;Oui;Non;capitaliste;10;sansCategorie;0;sansCategorie;0;sansCategorie;0;;;;;Are you productive;Yes ;No ;;roleEtat;12
Tout a un sens;Oui;Non;cartesien;15;spiritualite;10;sansCategorie;0;sansCategorie;0;;;;;Everything has a meaning;Yes ;No ;;egaliteEquite;13
Le libre arbitre existe;Oui;Non;sansCategorie;0;deterministe;15;sansCategorie;0;sansCategorie;0;;;;;Free will exists;Yes ;No ;;justice;12
Le destin existe;Oui;Non;deterministe;20;sansCategorie;0;sansCategorie;0;sansCategorie;0;;;;;Destiny exists;Yes ;No ;;roleCitoyen;8
Il y a quelque chose après la mort;Oui;Non;spiritualite;20;cartesien;10;sansCategorie;0;sansCategorie;0;;;;;There is something after death;Yes ;No ;;cartesien;18
Il existe une forme de vérité absolue;Oui;Non;spiritualite;10;sansCategorie;0;cartesien;10;sansCategorie;0;;;;;There is a form of absolute truth;Yes ;No ;;capitaliste;8
L'Homme est bon par nature;Oui;Non;natureHumaine;20;natureHumaine;-20;fermete;-10;fermete;10;;;;;Humans are inherently good;Yes ;No ;;fermete;19
La peine de mort peut être justifiée;Oui;Non;fermete;20;fermete;-10;sansCategorie;0;sansCategorie;0;;;;;The death penalty can be justified;Yes ;No ;;deterministe;5
Chien ou chat;Chien;Chat;rapportAuxAutres;5;independance;5;sansCategorie;0;sansCategorie;0;;;;;Dog or cat;Dog;Cat;;independance;5
L'art doit choquer;Oui;Non;art;10;art;-5;sansCategorie;0;sansCategorie;0;;;;;Art should be shocking;Yes ;No;;;
L'art est utile;Oui;Non;art;15;art;-15;sansCategorie;0;sansCategorie;0;;;;;Art is useful;Yes ;No;;;
Est-ce que tu t'aimes;Oui;Non;ego;10;ego;-20;sansCategorie;0;sansCategorie;0;;;;;Do you love yourself;Yes ;No;;;
La technologie nous dépasse;Oui;Non;cartesien;-10;cartesien;5;sansCategorie;0;sansCategorie;0;;;;;Technology is surpassing us;Yes ;No;;;
C'était mieux avant;Oui;Non;tradiProgres;-20;tradiProgres;10;sansCategorie;0;sansCategorie;0;;;FOSSILE;1;Things were better before;Yes ;No;;;
Tu es souvent nostalgique;Oui;Non;sansCategorie;0;sansCategorie;0;sansCategorie;0;sansCategorie;0;;;;;Do you often feel nostalgic;Yes ;No;;;
La famille ou les amis;La famille;Les amis;sansCategorie;0;sansCategorie;0;sansCategorie;0;sansCategorie;0;ARBRE;1;;;Family or friends;Family;Friends;;;
Le bonheur est quantifiable;Oui;Non;cartesien;10;spiritualite;10;sansCategorie;0;sansCategorie;0;;;;;Happiness can be quantified;Yes ;No;;;
Tu te sens plus intelligent que la moyenne;Oui;Non;ego;10;ego;-10;sansCategorie;0;sansCategorie;0;;;;;Do you feel smarter than average;Yes ;No;;;
Tu as plus d'ego que la moyenne;Oui;Non;ego;15;ego;-10;sansCategorie;0;sansCategorie;0;;;;;Do you have more ego than average;Yes ;No;;;
Tu te sens compris.e;Oui;Non;rapportAuxAutres;10;rapportAuxAutres;-10;bonheur;10;bonheur;-10;;;;;Do you feel understood;Yes ;No;;;
La réussite ne peut exister qu'au prix de nombreux échecs;Oui;Non;capitaliste;10;capitaliste;-10;sansCategorie;0;sansCategorie;0;;;;;Success can only exist at the cost of many failures;Yes ;No;;;
Toute pratique peut-être artistique;Oui;Non;art;10;art;-10;sansCategorie;0;sansCategorie;0;;;;;Any practice can be art;Yes ;No;;;
L'art doit être beau;Oui;Non;art;-10;art;10;sansCategorie;0;sansCategorie;0;;;;;Art should be beautiful;Yes ;No;;;
Il y a certaines choses chez moi que je ne pourrais jamais changer;Oui;Non;ego;10;ego;-10;sansCategorie;0;sansCategorie;0;;;;;There are things about myself that I could never change;Yes ;No;;;
La vie a un sens;Oui;Non;spiritualite;10;spiritualite;-20;sansCategorie;0;sansCategorie;0;;;;;Life has a meaning;Yes ;No;;;
Tout le monde est beau;Oui;Non;sansCategorie;0;sansCategorie;0;sansCategorie;0;sansCategorie;0;;;;;Everyone is beautiful;Yes ;No;;;
Tout le monde est intéressant;Oui;Non;rapportAuxAutres;5;rapportAuxAutres;-5;sansCategorie;0;sansCategorie;0;;;;;Everyone is beautiful;Yes ;No;;;
Le talent existe;Oui;Non;deterministe;10;deterministe;-10;sansCategorie;0;sansCategorie;0;;;;;Talent exists;Yes ;No;;;
Je suis destiné à ressembler à mes parents;Oui;Non;deterministe;10;deterministe;-10;education;-10;education;10;;;;;I'm bound to look like my parents;Yes ;No;;;
Tu pourrais manger ton plat préféré tous les jours;Oui;Non;sansCategorie;0;sansCategorie;0;sansCategorie;0;sansCategorie;0;;;;;Could you eat your favorite dish every day;Yes ;No;;;
Tu pourrais survivre plus longtemps que la moyenne sur une île déserte;Oui;Non;ego;10;ego;-5;sansCategorie;0;sansCategorie;0;;;;;Could you survive longer than average on a deserted island;Yes ;No;;;
Tu aimerais devenir célèbre;Oui;Non;ego;10;ego;-10;RapportASoi;-10;RapportASoi;10;;;;;Would you like to become famous;Yes ;No;;;
Tu pourrais être heureux.e seul.e;Oui;Non;independance;20;independance;-10;bonheur;10;bonheur;-5;;;;;Could you be happy alone;Yes ;No;;;
Tu préfères connaître le grand amour ou devenir ultra riche;Grand amour;Richesse;sansCategorie;0;capitaliste;10;sansCategorie;0;independance;10;;;;;To find the love of your life or to become ultra-rich;Love of your life;Ultra-rich;;;
Tu crois en l'âme sœur;Oui;Non;sansCategorie;0;sansCategorie;0;sansCategorie;0;sansCategorie;0;CYGNE;1;;;Do you believe in soulmates;Yes ;No;;;
Tu crois au coup de foudre;Oui;Non;sansCategorie;0;sansCategorie;0;sansCategorie;0;sansCategorie;0;;;;;Do you believe in love at first sight;Yes ;No;;;
L'amour peut être inconditionnel;Oui;Non;sansCategorie;0;sansCategorie;0;sansCategorie;0;sansCategorie;0;POULE;1;;;Love can be unconditional;Yes ;No;;;
Tu préfères perdre tous les souvenirs que tu as des gens que tu aimes ou qu'ils perdent tous leurs souvenirs de toi;Tu perds tes souvenirs;Les autres t'oublient;sansCategorie;0;sansCategorie;0;sansCategorie;0;sansCategorie;0;;;;;Would you rather lose all your memories of the people you love, or would you rather they lose all their memories of you?;All memories of people you love;All memories of you ;;;
Les animaux ont une conscience;Oui;Non;cartesien;-5;cartesien;10;sansCategorie;0;sansCategorie;0;;;;;Animals have consciousness;Yes ;No;;;
Parfois, la violence est la meilleure solution;Oui;Non;morale;-10;morale;10;justice;10;justice;-10;;;;;Sometimes, violence is the best solution;Yes ;No;;;
Qui gagne entre un bouledogue et un cheval;Le bouledog;Le cheval;sansCategorie;0;sansCategorie;0;sansCategorie;0;sansCategorie;0;;;;;Who would win, a bulldog or a horse;A bulldog ;A Horse;;;
Toutes les addictions sont néfastes;Oui;Non;RapportASoi;-10;RapportASoi;10;sansCategorie;0;sansCategorie;0;;;;;All addictions are harmful;Yes ;No;;;
On naît tous avec un cerveau vierge;Oui;Non;natureHumaine;10;natureHumaine;-10;education;10;education;-10;;;;;We are all born with a blank-slate brain;Yes ;No;;;
Il peut être moral de censurer;Oui;Non;morale;10;morale;-10;sansCategorie;0;sansCategorie;0;;;;;Censorship can be moral;Yes ;No;;;
Sous une averse, on se prend plus de gouttes en courant ou en marchant;En courant;En marchant;sansCategorie;0;sansCategorie;0;sansCategorie;0;sansCategorie;0;;;;;In a rainstorm, do you get hit by more raindrops by running or walking;By running;By walking;;;
La routine te fait peur;Oui;Non;bonheur;-10;bonheur;10;tradiProgres;10;tradiProgres;-10;;;;;Does routine scare you;Yes ;No;;;
La discipline est plus utile que l'intelligence;Oui;Non;fermete;10;fermete;-10;sansCategorie;0;sansCategorie;0;;;;;Discipline is more useful than intelligence;Yes ;No;;;
Il vaut toujours mieux être seul que mal accompagné;Oui;Non;RapportASoi;10;RapportASoi;-10;sansCategorie;0;sansCategorie;0;;;;;It's always better to be alone than in bad company;Yes ;No;;;
Il existe des choses fondamentalement moches;Oui;Non;tradiProgres;-5;tradiProgres;5;sansCategorie;0;sansCategorie;0;;;;;Some things are fundamentally ugly;Yes ;No;;;
L'univers a une fin;Oui;Non;sansCategorie;0;sansCategorie;0;sansCategorie;0;sansCategorie;0;;;;;The universe has an end;Yes ;No;;;
Est-ce que tu te sens toi-même;Oui;Non;RapportASoi;10;RapportASoi;-10;bonheur;10;bonheur;-10;;;;;Are you feeling yourself;Yes ;No;;;
L'humanité rentrera en contact avec d'autres formes de vie;Oui;Non;sansCategorie;0;sansCategorie;0;sansCategorie;0;sansCategorie;0;;;;;Humanity will come into contact with other forms of life;Yes ;No;;;
Tout le monde est capable de changer;Oui;Non;tradiProgres;10;tradiProgres;-10;deterministe;-10;deterministe;10;;;;;Everyone is capable of changing;Yes ;No;;;
L'État te protège;Oui;Non;fermete;10;fermete;-10;sansCategorie;0;sansCategorie;0;;;;;The government protects you;Yes ;No;;;
Pourrais-tu renoncer à tes valeurs pour sauver quelqu'un qui t'est cher;Oui;Non;morale;-10;morale;10;sansCategorie;0;sansCategorie;0;;;;;Could you give up your values to save someone you care about;Yes ;No;;;
Il y a forcément des pauvres et des riches dans un système fonctionnel ;Oui;Non;capitaliste;10;capitaliste;-10;fermete;10;fermete;-10;;;;;In a functional system, there are inevitably rich and poor people.;Yes ;No;;;
Si la technologie le permettait, tu aimerais être cryogénisé;Oui;Non;sansCategorie;0;sansCategorie;0;sansCategorie;0;sansCategorie;0;;;;;If technology allowed it, would you like to be cryogenically frozen;Yes ;No;;;
Tu aimerais être immortel;Oui;Non;sansCategorie;0;sansCategorie;0;sansCategorie;0;sansCategorie;0;;;;;Would you like to be immortal;Yes ;No;;;
Le suicide est immoral;Oui;Non;morale;-10;morale;10;sansCategorie;0;sansCategorie;0;;;;;Suicide is immoral;Yes ;No;;;
Existe-t-il une personne vivante dont tu souhaites la mort;Oui;Non;justice;-10;bonheur;10;fermete;10;morale;10;;;;;Is there anyone alive whose death you wish for;Yes ;No;;;
Si c'était possible, tu aimerais acquérir tout le savoir du monde;Oui;Non;cartesien;10;sansCategorie;0;ego;10;sansCategorie;0;;;;;If it were possible, would you like to acquire all the knowledge in the world;Yes ;No;;;
Est-ce que le monde irait mieux si tout le monde était exactement comme toi;Oui;Non;RapportASoi;10;sansCategorie;0;ego;10;sansCategorie;0;;;;;Would the world be better if everyone were exactly like you;Yes ;No;;;
Tu préférerais ressembler à tout le monde ou être absolument différent de tout le monde;Ressembler à tout le monde;Être différent;sansCategorie;0;sansCategorie;0;sansCategorie;0;sansCategorie;0;;;;;To look like everyone else or to be completely different from everyone else;Look like everyone else ;Completly different from everyone else ;;;
Plutôt supprimer les livres ou films;Les livres;Les films;sansCategorie;0;sansCategorie;0;sansCategorie;0;sansCategorie;0;;;;;It's better to get rid of books or movies;Books;Movies;;;
Tout progrès est bon à prendre;Oui;Non;cartesien;10;cartesien;-10;tradiProgres;10;tradiProgres;-10;;;;;Any progress is good progress;Yes;No;;;
Est-ce que tu penses être suffisamment objectif à propos de toi;Oui;Non;ego;10;sansCategorie;0;sansCategorie;0;sansCategorie;0;;;;;Do you think you are objective enough about yourself;Yes;No;;;
Tu pourrais être heureux sans voyager;Oui;Non;rapportAuxAutres;-5;rapportAuxAutres;10;bonheur;10;bonheur;5;;;;;Could you be happy without traveling;Yes;No;;;
Tu penses que tes parents sont fiers de toi;Oui;Non;sansCategorie;0;sansCategorie;0;sansCategorie;0;sansCategorie;0;;;;;Do you think your parents are proud of you;Yes;No;;;
Tes meilleures années sont derrière toi;Oui;Non;bonheur;-10;bonheur;10;tradiProgres;-10;tradiProgres;10;;;;;Your best years are behind you;Yes;No;;;
Le regard des autres te préoccupe;Oui;Non;RapportASoi;-5;RapportASoi;10;sansCategorie;0;sansCategorie;0;;;;;You're worried about what others think of you;Yes;No;;;
Si une chose est populaire, ça veut dire qu'elle est bien;Oui;Non;art;-5;art;10;sansCategorie;0;sansCategorie;0;;;;;If something is popular, it means it's good;Yes;No;;;
Voyager dans le passé ou dans le futur;Passé;Futur;tradiProgres;-10;tradiProgres;10;sansCategorie;0;sansCategorie;0;;;;;Traveling to the past or the future;Past;Future;;;
Tu es plus fasciné par l'infiniment petit ou l'infiniment grand;Infiniment petit;Infiniment grand;sansCategorie;0;sansCategorie;0;sansCategorie;0;sansCategorie;0;CELLULE;1;;;Are you more fascinated by the infinitely small or the infinitely large;Infinitely small;Infinitely large;;;
Est-ce que tu as un ou plusieurs secrets que tu n'as jamais dit à personne;Oui;Non;sansCategorie;0;sansCategorie;0;sansCategorie;0;sansCategorie;0;;;;;Do you have one or more secrets you've never told anyone;Yes ;No;;;
On a moins de problèmes quand on est enfant;Oui;Non;bonheur;-10;independance;10;sansCategorie;0;sansCategorie;0;;;;;We have fewer problems when we're children;Yes ;No;;;
Est-ce que tu te parles tout.e seul.e à voix haute;Oui;Non;sansCategorie;0;sansCategorie;0;sansCategorie;0;sansCategorie;0;;;;;Do you talk to yourself out loud;Yes ;No;;;
Qu'est-ce qui est une plus grosse 'tromperie' : une connexion émotionnelle ou une aventure physique;Émotionnelle;Physique;sansCategorie;0;sansCategorie;0;sansCategorie;0;sansCategorie;0;;;;;Which is a bigger form of 'infidelity': an emotional connection or a physical affair?;Emotional connection ;Physical affair;;;
Est-ce que tu t'ennuies facilement;Oui;Non;independance;-10;independance;10;bonheur;-5;bonheur;10;;;;;Do you get bored easily;Yes;No;;;
Tu as déjà trahi quelqu'un d'important pour toi;Oui;Non;rapportAuxAutres;-10;rapportAuxAutres;10;sansCategorie;0;sansCategorie;0;;;;;Have you ever betrayed someone important to you;Yes;No;;;
Tu penses te sentir plus souvent coupable que les autres;Oui;Non;ego;10;ego;-10;RapportASoi;-10;RapportASoi;10;;;;;Do you feel more guilty than others?;Yes;No;;;
Une bonne hygiène de vie est nécessaire au bonheur;Oui;Non;fermete;10;fermete;-10;bonheur;10;bonheur;-10;;;;;A healthy lifestyle is necessary for happiness;Yes;No;;;
Toute inégalité est injuste;Oui;Non;egaliteEquite;-10;egaliteEquite;10;justice;-10;justice;10;;;;;All inequality is unfair;Yes;No;;;
Selon toi, il y a plus d'astres dans la galaxie ou de grains de sable sur terre;Galaxie;Sable;sansCategorie;0;sansCategorie;0;sansCategorie;0;sansCategorie;0;;;;;In your opinion, are there more stars in the galaxy or more grains of sand on Earth;More stars ;More grains of sand;;;
Il faut aider les personnes qui le souhaitent à mourir;Oui;Non;justice;10;justice;-10;morale;10;morale;-10;;;;;We should help people who wish to die;Yes;No;;;
On est jamais mieux servi que par soi-même;Oui;Non;independance;10;independance;-5;ego;10;ego;-5;;;;;You are never better served than by yourself;Yes;No;;;
Pour prendre une décision, tu as tendance à suivre ton coeur ou à suivre ta tête;Ton coeur;Ta tête;sansCategorie;0;cartesien;10;sansCategorie;0;sansCategorie;0;ESTOMAC;1;;;When making a decision, do you tend to follow your heart or your head;Your heart;Your head;;;
Tu préfères mourir brûlé.e ou en te noyant;Brulé.e;Noyade;sansCategorie;0;sansCategorie;0;sansCategorie;0;sansCategorie;0;;;;;To die by burning or drowning;By burning ;By drowning;;;
Tu aimerais vivre sans aucune responsabilité;Oui;Non;bonheur;10;bonheur;-10;independance;10;independance;-10;;;;;Would you like to live without any responsibilities;Yes;No;;;
Est-ce que tu aimes les enfants;Oui;Non;sansCategorie;0;sansCategorie;0;sansCategorie;0;sansCategorie;0;;;;;Do you like children;Yes;No;;;
Le progrès scientifique est la boussole de l'humanité;Oui;Non;cartesien;10;cartesien;-10;tradiProgres;-10;tradiProgres;10;;;;;Scientific progress is humanity's compass;Yes;No;;;
Tout le monde mérite une deuxième chance;Oui;Non;justice;10;justice;-10;fermete;-10;fermete;10;;;;;Everyone deserves a second chance;Yes;No;;;
Tu pourrais tenir plus longtemps que la moyenne face à la torture;Oui;Non;ego;10;ego;-5;sansCategorie;0;sansCategorie;0;;;;;Could you endure torture longer than average;Yes;No;;;
Il existe un contexte dans lequel tu pourrais tuer quelqu'un;Oui;Non;morale;-10;morale;10;justice;-10;justice;10;;;;;Is there a context in which you could kill someone;Yes;No;;;
Se remettre avec un.e ex peut être une bonne idée;Oui;Non;tradiProgres;-10;tradiProgres;10;sansCategorie;0;sansCategorie;0;;;;;Getting back together with an ex can be a good idea;Yes;No;;;
Tu es pessimiste ou optimiste;Pessimiste;Optimiste;sansCategorie;0;sansCategorie;0;sansCategorie;0;sansCategorie;0;;;;;Are you pessimistic or optimistic;Pessimistic;Optimistic;;;
Il est plus important que chacun parte avec les mêmes chances que de garantir que tous arrivent au même niveau;Oui;Non;egaliteEquite;-10;egaliteEquite;10;sansCategorie;0;sansCategorie;0;;;;;It is more important for everyone to start out on an equal footing than to ensure that everyone reaches the same level;Yes ;No;;;
Les politiques de discrimination positive sont nécessaires pour rétablir un équilibre;Oui;Non;egaliteEquite;10;egaliteEquite;-10;tradiProgres;-10;tradiProgres;10;;;;;Affirmative action policies are necessary to restore balance;Yes ;No;;;
L'État devrait intervenir pour réduire les écarts de richesse, même si cela freine certains méritants;Oui;Non;roleEtat;10;roleEtat;-10;egaliteEquite;10;egaliteEquite;-10;;;;;The government should take action to reduce wealth disparities, even if that slows down some deserving individuals;Yes ;No;;;
Il est facile de trancher ce qui est de la responsabilité de l'enseignant et ce qui est de la responsabilité des parents;Oui;Non;roleEtat;10;roleEtat;-10;sansCategorie;0;sansCategorie;0;;;;;It is easy to distinguish between what is the teacher's responsibility and what is the parents' responsibility;Yes ;No;;;
Tu préfères aider personnellement un proche dans le besoin plutôt que de financer un système qui aide des inconnus.;Oui;Non;rapportAuxAutres;-10;rapportAuxAutres;10;roleEtat;-10;roleEtat;10;;;;;You'd rather personally help a loved one in need than fund a system that helps strangers.;Yes ;No;;;
La sélection par tirage au sort est plus juste que la sélection sur dossier pour la fac;Oui;Non;egaliteEquite;-10;egaliteEquite;10;sansCategorie;0;sansCategorie;0;;;;;Selection by lottery is fairer than selection based on application materials for college;Yes ;No;;;
Un revenu universel permettrait une forme d’égalité réelle plus juste que la simple égalité devant la loi;Oui;Non;justice;10;justice;-10;roleEtat;10;roleEtat;-10;;;;;A universal basic income would enable a form of real equality that is fairer than mere equality before the law;Yes ;No;;;
Garantir l'égalité des chances est possible;Oui;Non;egaliteEquite;10;sansCategorie;0;cartesien;-5;cartesien;5;;;;;Ensuring equal opportunities is possible;Yes ;No;;;
Des compétitions sportives où le dopage serait autorisé seraient intéressantes ;Oui;Non;egaliteEquite;5;egaliteEquite;-5;sansCategorie;0;sansCategorie;0;;;;;Would sports competitions where doping were allowed be interesting;Yes ;No;;;
Tu préfères savoir comment tu vas mourir ou savoir quand tu vas mourir;Comment;Quand;sansCategorie;0;sansCategorie;0;sansCategorie;0;sansCategorie;0;;;;;To know how you will die or when you will die;How;When;;;
Un bébé pleure toujours pour une raison particulière;Oui;Non;education;10;education;-10;sansCategorie;0;sansCategorie;0;;;;;A baby always cries for a particular reason;Yes;No;;;
La personnalité d'un adulte est la conséquence de ses premières années de vie;Oui;Non;education;10;education;-10;deterministe;10;deterministe;-10;;;;;An adult's personality is the consequence of their early years;Yes;No;;;
Les professeurs sont légitimes à enseigner la morale;Oui;Non;sansCategorie;0;sansCategorie;0;roleEtat;10;roleEtat;-10;;;;;Teachers are entitled to teach morality;Yes;No;;;
Il est parfois bon de mentir à un enfant pour le préserver;Oui;Non;education;-10;education;10;morale;10;morale;-10;;;;;Sometimes it is good to lie to a child to protect them;Yes;No;;;
En lui présentant les choses de la bonne manière, un enfant peut tout comprendre;Oui;Non;education;10;education;-10;sansCategorie;0;sansCategorie;0;;;;;By presenting things in the right way, a child can understand anything;Yes;No;;;
Les enfants sont plus honnêtes que les adultes;Oui;Non;sansCategorie;0;sansCategorie;0;natureHumaine;10;natureHumaine;-10;;;;;Children are more honest than adults;Yes;No;;;
Il faudrait interdire à certaines personnes d’avoir des enfants;Oui;Non;fermete;10;fermete;-10;morale;10;morale;-10;;;;;Certain people should be forbidden from having children;Yes;No;;;
Un enfant est capable de savoir ce qui est bon pour lui;Oui;Non;education;10;education;-10;natureHumaine;10;natureHumaine;-10;;;;;A child is capable of knowing what is good for them;Yes;No;;;
L'école sert à apprendre son rôle de citoyen;Oui;Non;roleEtat;10;roleEtat;-10;roleCitoyen;10;roleCitoyen;-10;;;;;School exists to teach people their role as citizens;Yes;No;;;
L'école sert à découvrir sa passion;Oui;Non;roleEtat;10;roleEtat;-10;sansCategorie;0;sansCategorie;0;;;;;School exists to help people discover their passion;Yes;No;;;
Certains enfants ne sont pas faits pour l'école;Oui;Non;education;10;education;-10;tradiProgres;-10;tradiProgres;10;;;;;Some children are not suited to school;Yes;No;;;
Tous les enfants doivent suivre le même programme scolaire jusqu'à un certain âge;Oui;Non;egaliteEquite;-10;egaliteEquite;10;roleEtat;10;roleEtat;-10;;;;;All children should follow the same school curriculum up to a certain age;Yes;No;;;
Les enfants qui font un blocage sur des matières scolaires ont eu de mauvais professeurs;Oui;Non;natureHumaine;10;natureHumaine;-10;egaliteEquite;-10;egaliteEquite;10;;;;;Children who struggle with school subjects have had bad teachers;Yes;No;;;
La punition est parfois nécessaire pour éduquer un enfant;Oui;Non;education;-10;education;10;fermete;10;fermete;-10;;;;;Punishment is sometimes necessary to educate a child;Yes;No;;;
Tout enfant a été soit harceleur soit harcelé;Oui;Non;sansCategorie;0;sansCategorie;0;sansCategorie;0;sansCategorie;0;;;;;Every child has either been a bully or been bullied;Yes;No;;;
Il faudrait revoir les programmes scolaires tous les ans;Oui;Non;sansCategorie;0;sansCategorie;0;sansCategorie;0;sansCategorie;0;;;;;School curricula should be reviewed every year;Yes;No;;;
Les programmes scolaires servent à cristalliser et transmettre les connaissances les plus fondamentales d'une société;Oui;Non;roleCitoyen;10;roleCitoyen;-10;roleEtat;10;roleEtat;-10;;;;;School curricula serve to crystallize and transmit a society's most fundamental knowledge;Yes;No;;;
Tu aurais ton BAC si tu le repassais aujourd'hui;Oui;Non;ego;10;ego;-10;sansCategorie;0;sansCategorie;0;;;;;Would you pass your high school diploma exam if you took it today?;Yes;No;;;
Les adolescents se spécialisent trop tôt;Oui;Non;roleCitoyen;-10;roleCitoyen;10;sansCategorie;0;sansCategorie;0;;;;;Teenagers specialize too early;Yes;No;;;
Ne pas avoir de passion est un désavantage en société;Oui;Non;roleCitoyen;10;roleCitoyen;-10;sansCategorie;0;sansCategorie;0;;;;;Not having a passion is a disadvantage in society;Yes;No;;;
C'est difficile de se faire des amis;Oui;Non;rapportAuxAutres;-10;rapportAuxAutres;10;sansCategorie;0;sansCategorie;0;;;;;It's difficult to make friends;Yes;No;;;
Les relations sociales sont complexes;Oui;Non;rapportAuxAutres;-5;rapportAuxAutres;10;sansCategorie;0;sansCategorie;0;;;;;Social relationships are complex;Yes;No;;;
Le hasard existe ;Oui;Non;sansCategorie;0;cartesien;10;sansCategorie;0;sansCategorie;0;;;;;Luck exists;Yes;No;;;
L'école sensibilise suffisamment à l'importance de la politique en démocratie;Oui;Non;sansCategorie;0;sansCategorie;0;roleCitoyen;5;roleCitoyen;10;;;;;School does enough to raise awareness of the importance of politics in a democracy;Yes;No;;;
Les jeunes devraient pouvoir voter plus tôt;Oui;Non;education;10;sansCategorie;0;sansCategorie;0;sansCategorie;0;;;;;Young people should be allowed to vote earlier;Yes;No;;;
Les jeunes devraient pouvoir voter plus tard;Oui;Non;education;-10;sansCategorie;0;sansCategorie;0;sansCategorie;0;;;;;Young people should be allowed to vote later;Yes;No;;;
Le retrait du droit de vote peut être une punition légitime;Oui;Non;fermete;10;fermete;-10;sansCategorie;0;sansCategorie;0;;;;;Removing the right to vote can be a legitimate punishment;Yes;No;;;
Les élus devraient avoir obligatoirement un casier judiciaire vierge;Oui;Non;justice;10;justice;-10;morale;10;morale;-10;;;;;Elected officials should be required to have a clean criminal record;Yes;No;;;
Seuls les crimes et non les délits devraient empêcher l'exercice de certains métiers;Oui;Non;justice;-10;justice;10;fermete;-10;fermete;10;;;;;Only crimes, not misdemeanors, should prevent someone from working in certain professions;Yes;No;;;
Au vu de l'urgence écologique, le nucléaire est la meilleure solution;Oui;Non;sansCategorie;0;sansCategorie;0;sansCategorie;0;sansCategorie;0;;;;;Given the ecological emergency, nuclear power is the best solution;Yes;No;;;
Si tous les métiers payaient autant, personne ne voudrait faire certains métiers;Oui;Non;egaliteEquite;10;egaliteEquite;-10;roleCitoyen;-10;roleCitoyen;10;;;;;If all jobs paid the same, no one would want to do certain jobs;Yes;No;;;
Les élites nous cachent des choses capitales;Oui;Non;roleEtat;-10;roleEtat;10;sansCategorie;0;sansCategorie;0;;;;;The elites are hiding crucial things from us;Yes;No;;;
Les relations internationales sont régies par la loi de la jungle;Oui;Non;natureHumaine;-10;natureHumaine;10;cartesien;10;cartesien;-10;;;;;International relations are governed by the law of the jungle;Yes;No;;;
Il est complètement naïf de croire en une paix mondiale;Oui;Non;cartesien;10;cartesien;-10;sansCategorie;0;sansCategorie;0;;;;;It is completely naive to believe in world peace;Yes;No;;;
La mondialisation agit plus au service de la paix que de la guerre;Oui;Non;capitaliste;10;capitaliste;-10;cartesien;10;cartesien;-10;;;;;Globalization contributes more to peace than to war;Yes;No;;;
Si certaines conditions se réunissent, tu serais prêt à prendre les armes pour ton pays;Oui;Non;sansCategorie;0;sansCategorie;0;sansCategorie;0;sansCategorie;0;;;;;If certain conditions were met, you would be willing to take up arms for your country;Yes;No;;;
L'humanité apprend de ses erreurs;Oui;Non;natureHumaine;10;natureHumaine;-10;sansCategorie;0;sansCategorie;0;;;;;Humanity learns from its mistakes;Yes;No;;;
Si travailler n'était pas obligatoire pour vivre, tu ne travaillerais pas;Oui;Non;rapportAuxAutres;-10;rapportAuxAutres;10;roleCitoyen;-10;roleCitoyen;10;;;;;If working were not necessary to live, you would not work;Yes;No;;;
Peu importe la compétition, il est impossible de garantir une égalité des conditions entre participants;Oui;Non;egaliteEquite;-10;egaliteEquite;10;sansCategorie;0;sansCategorie;0;;;;;No matter the competition, it is impossible to guarantee equal conditions for participants;Yes;No;;;
Nous stressons plus que nos ancêtres ;Oui;Non;bonheur;-10;bonheur;10;sansCategorie;0;sansCategorie;0;;;;;We are more stressed than our ancestors;Yes;No;;;
Le désir de reconnaissance est malsain;Oui;Non;ego;-10;ego;10;RapportASoi;10;RapportASoi;-10;;;;;The desire for recognition is unhealthy;Yes;No;;;
Vivre depuis assez longtemps dans un pays devrait systématiquement justifier l'obtention de la nationalité de celui-ci;Oui;Non;egaliteEquite;-10;egaliteEquite;10;justice;10;justice;-10;;;;;Living in a country for long enough should systematically justify obtaining its nationality;Yes;No;;;
Les rues sont moins sûres qu'avant;Oui;Non;fermete;10;fermete;-10;sansCategorie;0;sansCategorie;0;TIQUE;1;;;The streets are less safe than before;Yes;No;;;
Les caméras dans la rue te font sentir plus en sécurité;Oui;Non;fermete;10;fermete;-10;sansCategorie;0;sansCategorie;0;;;;;Street cameras make you feel safer;Yes;No;;;
Les patrouilles de police te font sentir plus en sécurité;Oui;Non;fermete;10;fermete;-10;sansCategorie;0;sansCategorie;0;;;;;Police patrols make you feel safer;Yes;No;;;
Tu te sens globalement en sécurité;Oui;Non;fermete;-10;fermete;10;sansCategorie;0;sansCategorie;0;;;;;Do you generally feel safe;Yes;No;;;
Il est possible de changer la société en utilisant uniquement les outils démocratiques mis à notre disposition;Oui;Non;roleCitoyen;10;roleCitoyen;-10;roleEtat;10;roleEtat;-10;;;;;It is possible to change society using only the democratic tools available to us;Yes;No;;;
La consommation de drogue devrait être légale;Oui;Non;morale;-10;morale;10;sansCategorie;0;sansCategorie;0;;;;;Drug use should be legal;Yes;No;;;
Il est possible de trop se remettre en question;Oui;Non;sansCategorie;0;sansCategorie;0;sansCategorie;0;sansCategorie;0;;;;;It's possible to question yourself too much;Yes;No;;;
Tout est politique;Oui;Non;sansCategorie;0;sansCategorie;0;sansCategorie;0;sansCategorie;0;;;;;Everything is political;Yes;No;;;
On banalise trop le sexe;Oui;Non;sansCategorie;0;sansCategorie;0;sansCategorie;0;sansCategorie;0;;;;;Sex is too normalized;Yes;No;;;
Peux-tu prouver l'existance de tous les objets qui t'entourent;Oui;Non;sansCategorie;0;sansCategorie;0;sansCategorie;0;sansCategorie;0;;;;;Can you prove the existence of all the objects around you?;Yes;No;;;
Tu trouverais amusant de réaliser aujourd'hui que tu ne perçois pas le monde matériel comme les autres;Oui;Non;sansCategorie;0;sansCategorie;0;sansCategorie;0;sansCategorie;0;;;;;You might find it amusing to realize today that you don't perceive the material world the same way others do;Yes;No;;;
La propriété privée est un droit fondamental;Oui;Non;capitaliste;10;capitaliste;-10;sansCategorie;0;sansCategorie;0;;;;;Private property is a fundamental right;Yes;No;;;
Tous les humains à qui on donne trop de pouvoir ont des déviances;Oui;Non;morale;10;morale;-10;natureHumaine;-10;natureHumaine;10;;;;;Everyone who is given too much power develops some form of deviance;Yes;No;;;
La bière c'est de gauche et le vin c'est de droite;Oui;Non;sansCategorie;0;sansCategorie;0;sansCategorie;0;sansCategorie;0;;;;;In terms of politics, beer is left-wing and wine is right-wing;Yes;No;;;
Le clivage gauche-droite est désuet;Oui;Non;sansCategorie;0;sansCategorie;0;sansCategorie;0;sansCategorie;0;;;;;The political notions of right-wing & left-wing are obsolete;Yes;No;;;
Placée dans un contexte propice, toute personne est un criminel en puissance;Oui;Non;natureHumaine;-10;natureHumaine;10;morale;10;morale;-10;;;;;Given the right circumstances, anyone is potentially a criminal;Yes;No;;;
La confiance est quelque chose qu'on acquiert ou qu'on perd;Qu'on acquiert;Qu'on perd;rapportAuxAutres;-10;rapportAuxAutres;10;sansCategorie;0;sansCategorie;0;;;;;Trust is something you gain or lose;Gain;Lose;;;
Faire aveuglément confiance à la science relève de la croyance;Oui;Non;cartesien;-10;cartesien;10;sansCategorie;0;sansCategorie;0;;;;;Blindly trusting science is a form of belief;Yes;No;;;
La notion de mauvais goût est une notion méprisante;Oui;Non;art;-5;art;5;sansCategorie;0;sansCategorie;0;;;;;The notion of bad taste is a condescending concept;Yes;No;;;
Il existe des sous-cultures;Oui;Non;art;-10;art;10;sansCategorie;0;sansCategorie;0;;;;;Subcultures exist;Yes;No;;;
La police devrait être désarmée;Oui;Non;fermete;-10;sansCategorie;0;sansCategorie;0;sansCategorie;0;;;;;The police should be disarmed;Yes;No;;;
Les fumeurs tiennent moins à la vie que les non-fumeurs;Oui;Non;sansCategorie;0;sansCategorie;0;sansCategorie;0;sansCategorie;0;;;;;Smokers care less about life than non-smokers;Yes;No;;;
La consommation de viande ne pose problème que parce qu'elle se fait en masse;Oui;Non;tradiProgres;-10;tradiProgres;10;sansCategorie;0;sansCategorie;0;;;;;Meat consumption is only a problem because it is done on a mass scale;Yes;No;;;
Interdire c'est inciter;Oui;Non;natureHumaine;5;natureHumaine;-5;sansCategorie;0;sansCategorie;0;;;;;Prohibition encourages what it prohibits;Yes;No;;;
Faire simple est plus complexe que faire compliqué;Oui;Non;sansCategorie;0;sansCategorie;0;sansCategorie;0;sansCategorie;0;;;;;Keeping things simple is more complex than making things complicated;Yes;No;;;
La majorité des gens sont idiots;Oui;Non;rapportAuxAutres;-10;rapportAuxAutres;10;sansCategorie;0;sansCategorie;0;;;;;Most people are idiots;Yes;No;;;
Tu crois au karma;Oui;Non;spiritualite;10;spiritualite;-10;sansCategorie;0;sansCategorie;0;;;;;Do you believe in karma;Yes;No;;;
Un cancer c'est le résultat d'un corps malmené qui se désolidarise de son propriétaire;Oui;Non;spiritualite;10;spiritualite;-10;sansCategorie;0;sansCategorie;0;;;;;Cancer is the result of an abused body breaking away from its owner;Yes;No;;;
L'humain est plutôt un corps ou plutôt un esprit;Un corps;Un esprit;natureHumaine;5;natureHumaine;-5;sansCategorie;0;sansCategorie;0;;;;;Humans are more body or more spirit;More body;More spirit;;;
Certaines formes de douleurs sont bonnes;Oui;Non;spiritualite;5;spiritualite;-5;sansCategorie;0;sansCategorie;0;;;;;Some forms of pain are good;Yes;No;;;
Chaque sensation corporelle est un message sensé et interprétable;Oui;Non;cartesien;10;cartesien;-10;sansCategorie;0;sansCategorie;0;;;;;Every bodily sensation is a meaningful and interpretable message;Yes;No;;;
Le progrès technique crée plus d'emplois qu'il n'en détruit;Oui;Non;cartesien;10;cartesien;-10;tradiProgres;10;tradiProgres;-10;;;;;Technological progress creates more jobs than it destroys;Yes;No;;;
Les nouveaux riches ont un syndrome de Stockholm ;Oui;Non;sansCategorie;0;sansCategorie;0;sansCategorie;0;sansCategorie;0;;;;;Newly rich people have Stockholm syndrome;Yes;No;;;
On peut rire de tout;Oui;Non;morale;-10;morale;10;sansCategorie;0;sansCategorie;0;;;;;Can we laugh about anything;Yes;No;;;
On peut débattre de tout;Oui;Non;morale;-10;morale;10;sansCategorie;0;sansCategorie;0;;;;;Can we debate anything;Yes;No;;;
100 humains peuvent battre un gorille;Oui;Non;sansCategorie;0;sansCategorie;0;sansCategorie;0;sansCategorie;0;;;;;100 humans can beat a gorilla;Yes;No;;;
Monter des escaliers fatigue plus que monter une pente;Oui;Non;sansCategorie;0;sansCategorie;0;sansCategorie;0;sansCategorie;0;;;;;Climbing stairs is more tiring than walking up a slope;Yes;No;;;
Dans un trajet qu'est-ce qui passe le plus vite, l'aller ou le retour;L'aller;Le retour;sansCategorie;0;sansCategorie;0;sansCategorie;0;sansCategorie;0;;;;;On a journey, which feels faster: the way there or the way back;Way there;Way back;;;
Pouvoir se représenter à des élections devrait être impossible;Oui;Non;justice;10;justice;-10;roleEtat;10;roleEtat;-10;;;;;It should be impossible to run for office again;Yes ;No;;;
Il est possible de changer le plomb en or;Oui;Non;sansCategorie;0;sansCategorie;0;sansCategorie;0;sansCategorie;0;;;;;It is possible to turn lead into gold;Yes ;No;;;
Ne plus jamais pouvoir respirer par la bouche ou par le nez;Par la bouche;Par le nez;sansCategorie;0;sansCategorie;0;sansCategorie;0;sansCategorie;0;;;;;Never again being able to breathe through the mouth or nose;Through the mouth;Through the noze;;;
Ne plus avoir de genoux ou ne plus avoir de coudes;Plus de genoux;Plus de coudes;sansCategorie;0;sansCategorie;0;sansCategorie;0;sansCategorie;0;;;;;To no longer have knees or elbows;No knees;No elbows;;;
Les abysses cachent des choses totalement insoupçonnées;Oui;Non;cartesien;-5;cartesien;5;sansCategorie;0;sansCategorie;0;;;;;The depths of the oceans hide completely unsuspected things;Yes;No;;;
C'est quand on s'ennuie que viennent les idées;Oui;Non;independance;10;independance;-5;sansCategorie;0;sansCategorie;0;;;;;Great ideas come when you're bored;Yes;No;;;
Savoir raconter les histoires est plus important qu'en avoir des bonnes à raconter;Oui;Non;art;-5;art;5;sansCategorie;0;sansCategorie;0;;;;;Knowing how to tell stories is more important than having good stories to tell;Yes;No;;;
Dans une chanson, la musique est plus importante que les paroles;Oui;Non;art;-5;art;5;sansCategorie;0;sansCategorie;0;;;;;In a song, the music is more important than the lyrics;Yes;No;;;
La culture du vide existe;Oui;Non;art;5;art;-5;sansCategorie;0;sansCategorie;0;;;;;A culture of emptiness exists;Yes;No;;;
La maturité est uniquement une question d'âge;Oui;Non;sansCategorie;0;sansCategorie;0;sansCategorie;0;sansCategorie;0;;;;;Maturity is solely a matter of age;Yes;No;;;
Les douleurs émotionnelles sont souvent plus violentes que les douleurs physiques ;Oui;Non;sansCategorie;0;sansCategorie;0;sansCategorie;0;sansCategorie;0;;;;;Emotional pain is often more intense than physical pain;Yes;No;;;
Est-ce que le mot 'toxique' est sur-utilisé;Oui;Non;tradiProgres;-5;tradiProgres;5;sansCategorie;0;sansCategorie;0;;;;;Is the word 'toxic' overused;Yes;No;;;
Quelqu'un qui rit du malheur des autres fait forcément de cette personne quelqu'un d'immoral ;Oui;Non;morale;5;morale;-5;sansCategorie;0;sansCategorie;0;;;;;Someone who laughs at other people's misfortune is necessarily immoral;Yes;No;;;
Est-ce que vieillir te fait peur;Oui;Non;bonheur;10;bonheur;-10;sansCategorie;0;sansCategorie;0;;;;;Does getting older scare you;Yes;No;;;
Est-ce que tu aimerais voir un biopic sur ta vie;Oui;Non;ego;5;ego;-10;sansCategorie;0;sansCategorie;0;;;;;Would you like to see a biopic about your life;Yes;No;;;
Est-ce que tu t'es déjà surpris à être condescendant;Oui;Non;rapportAuxAutres;-5;rapportAuxAutres;5;ego;5;ego;-5;;;;;Have you ever caught yourself being condescending;Yes;No;;;
Est-ce que tu as le sentiment de mentir plus que la moyenne;Oui;Non;rapportAuxAutres;-10;rapportAuxAutres;5;sansCategorie;0;sansCategorie;0;;;;;Do you feel like you lie more than average;Yes;No;;;
Est-ce qu'il y a des gens en qui tu fais confiance aveuglément;Oui;Non;rapportAuxAutres;10;rapportAuxAutres;-5;sansCategorie;0;sansCategorie;0;;;;;Are there people you trust blindly;Yes;No;;;
Tu préférerais te réincarner en humain ou en animal;En humain;En animal;spiritualite;-5;spiritualite;10;sansCategorie;0;sansCategorie;0;;;;;Would you rather be reincarnated as a human or an animal;As a human;As an animal;;;
Quel est le plus agaçant entre quelqu'un qui parle énormément ou quelqu'un qui parle très peu;Enormément;Très peu;sansCategorie;0;sansCategorie;0;sansCategorie;0;sansCategorie;0;;;;;What's more annoying: someone who talks way too much or someone who barely talks;Talks way too much;Barely talks ;;;
Tu peux facilement être vexé;Oui;Non;RapportASoi;-5;RapportASoi;10;sansCategorie;0;sansCategorie;0;;;;;Are you easily offended;Yes;No;;;
Le temps peut guérir toutes les blessures;Oui;Non;bonheur;10;bonheur;-10;sansCategorie;0;sansCategorie;0;;;;;Time can heal all wounds;Yes;No;;;
De manière générale tu privilégies plutôt la fréquence ou l'intensité;Fréquence;Intensité;sansCategorie;0;sansCategorie;0;sansCategorie;0;sansCategorie;0;;;;;In general, do you prioritize frequency or intensity;Frequency;Intensity;;;
Est-ce que tu estimes te connaître à 100%;Oui;Non;ego;10;ego;-5;RapportASoi;5;RapportASoi;-5;;;;;Do you consider yourself to know yourself 100%;Yes ;No;;;
Lampadaire ou boule de bowling;Lampadaire;Boule de bolwing;sansCategorie;0;sansCategorie;0;sansCategorie;0;sansCategorie;0;LAMPADAIRE;1;BOWLING;1;Street lamp or bowling ball;Street lamp;Bowling ball;;;
Te souviens-tu de tes rêves;Oui;Non;sansCategorie;0;sansCategorie;0;sansCategorie;0;sansCategorie;0;;;;;Do you remember your dreams;Yes;No;;;
Qui fais-tu passer en premier;Toi-même;Les autres;RapportASoi;10;RapportASoi;-5;sansCategorie;0;sansCategorie;0;;;;;Who do you put first;Yourself;The others;;;
Te sens-tu en paix avec toi-même;Oui ;Non;RapportASoi;10;RapportASoi;-10;sansCategorie;0;sansCategorie;0;;;;;Do you feel at peace with yourself;Yes;No;;;
Château de sable ou château de cartes;De sable;De cartes;sansCategorie;0;sansCategorie;0;sansCategorie;0;sansCategorie;0;;;;;Sandcastle or house of cards;Sandcastle ;House of cards;;;
Tu as déjà commis des délits;Oui ;Non;justice;-5;justice;5;fermete;-5;fermete;5;;;;;Have you ever committed a crime;Yes;No;;;
La propriété intellectuelle est un frein à l'innovation;Oui ;Non;capitaliste;-10;capitaliste;10;egaliteEquite;-10;egaliteEquite;10;;;;;Intellectual property is a barrier to innovation;Yes;No;;;
Quel est le plus désagréable : avoir trop chaud ou avoir trop froid;Trop chaud;Trop froid;sansCategorie;0;sansCategorie;0;sansCategorie;0;sansCategorie;0;;;;;What's more unpleasant: being too hot or too cold;Too hot;Too cold;;;
Tu sais ce qui te rend heureux;Oui ;Non;bonheur;10;bonheur;-5;RapportASoi;10;RapportASoi;-5;;;;;Do you know what makes you happy;Yes;No;;;
Tu préfères partir seul.e à la destination de tes rêves ou rester en vacances dans ta ville avec tes proches;Partir seul.e;Rester;RapportASoi;10;rapportAuxAutres;10;sansCategorie;0;sansCategorie;0;;;;;Would you rather travel alone to your dream destination or stay on vacation in your hometown with your loved ones;Travel alone;Stay;;;
Tu serais une moins bonne personne si tu étais riche;Oui ;Non;natureHumaine;-10;natureHumaine;10;capitaliste;-10;capitaliste;10;;;;;You would be a worse person if you were rich;Yes;No;;;
Aux yeux de la société, quel est le pire entre ne jamais s'excuser et s'excuser tout le temps;Jamais;Tout le temps;sansCategorie;0;sansCategorie;0;sansCategorie;0;sansCategorie;0;;;;;In society's eyes, which is worse: never apologizing or apologizing all the time;Never;All the time;;;
Tu es rancunier.ère;Oui ;Non;rapportAuxAutres;5;rapportAuxAutres;-5;fermete;5;fermete;-5;;;;;Do you hold grudges?;Yes;No;;;
Certains tests de personnalité sont fiables;Oui ;Non;sansCategorie;0;sansCategorie;0;sansCategorie;0;sansCategorie;0;;;;;Some personality tests are reliable;Yes;No;;;
Si tu étais une chaîne de télévision tu serais une chaîne privée ou publique;Privée;Publique;sansCategorie;0;sansCategorie;0;sansCategorie;0;sansCategorie;0;;;;;If you were a TV channel, would you be a private or public channel;Private;Public;;;
Face à un combat animal, resterais-tu passif;Oui;Non;sansCategorie;0;sansCategorie;0;sansCategorie;0;sansCategorie;0;;;;;Would you remain passive if you witnessed an animal fight;Yes;No;;;
Les enfants peuvent-ils être légalement coupables;Oui;Non;natureHumaine;5;natureHumaine;-5;sansCategorie;0;sansCategorie;0;;;;;Can children be legally held responsible;Yes;No;;;
Penses-tu pouvoir vaincre toutes tes peurs;Oui;Non;sansCategorie;0;sansCategorie;0;sansCategorie;0;sansCategorie;0;;;;;Do you think you could overcome all your fears;Yes;No;;;
Le don est-il forcément altruiste;Oui;Non;sansCategorie;0;sansCategorie;0;sansCategorie;0;sansCategorie;0;;;;;Is giving necessarily altruistic;Yes;No;;;
Te sens-tu manipulé;Oui;Non;sansCategorie;0;independance;10;sansCategorie;0;sansCategorie;0;HAMECON;1;;;Do you feel manipulated;Yes;No;;;
L'alcool devrait être prohibé;Oui;Non;sansCategorie;0;sansCategorie;0;sansCategorie;0;sansCategorie;0;;;;;Alcohol should be prohibited;Yes;No;;;
Blanc ou noir;Blanc;Noir;sansCategorie;0;sansCategorie;0;sansCategorie;0;sansCategorie;0;;;;;White or black;White;Black;;;
Est-ce que selon toi 'l'usage fait la norme';Oui;Non;tradiProgres;10;tradiProgres;-5;sansCategorie;0;sansCategorie;0;;;;;Do you think that “practice makes the rule”;Yes;No;;;
As-tu peur de la mort;Oui;Non;sansCategorie;0;sansCategorie;0;sansCategorie;0;sansCategorie;0;;;;;Are you afraid of death;Yes;No;;;
As-tu des croyances que tu sais être irrationnelles ;Oui;Non;cartesien;-10;sansCategorie;-10;sansCategorie;0;sansCategorie;0;;;;;Do you have beliefs that you know are irrational;Yes;No;;;
Est-ce que tout le monde peut changer;Oui;Non;natureHumaine;10;natureHumaine;-10;sansCategorie;0;sansCategorie;0;;;;;Can everyone change;Yes;No;;;
Les armes sont un bien nécessaire au bon fonctionnement de la société ;Oui;Non;sansCategorie;0;sansCategorie;0;sansCategorie;0;sansCategorie;0;SERPE;1;;;Weapons are necessary for society to function properly;Yes;No;;;
Le port d'armes devrait être autorisé ;Oui;Non;sansCategorie;0;sansCategorie;0;sansCategorie;0;sansCategorie;0;TRIDENT;1;;;Carrying weapons should be allowed;Yes;No;;;
La légitime défense est une raison suffisante pour tuer quelqu'un ;Oui;Non;sansCategorie;0;sansCategorie;0;sansCategorie;0;sansCategorie;0;;;;;Is self-defense sufficient reason to kill someone;Yes;No;;;
Si tu pouvais recommencer tout à zéro et devenir un bébé, le ferais tu ;Oui;Non;sansCategorie;0;sansCategorie;0;sansCategorie;0;sansCategorie;0;;;;;Would you start all over again and become a baby if you could ;Yes;No;;;
De quelle couleur est le chiffre 7;Jaune;Vert;sansCategorie;0;sansCategorie;0;sansCategorie;0;sansCategorie;0;;;;;What color is the number 7;Yellow ;Green;;;
